PortID,USACEPortName,USATradePortName
505,"Albany, NY","Albany, NY"
718,"Alexandria, VA","Alexandria, VA"
3763,"Algoma, WI","Algoma, WI"
3503,"Algonac, MI","Algonac, MI"
3617,"Alpena, MI","Alpena, MI"
4730,"Anacortes, WA","Anacortes, WA"
715,"Anacostia River, DC","Anacostia River, DC"
4820,"Anchorage, AK","Anchorage, AK"
727,"Annapolis, MD","Annapolis, MD"
2183,"Apalachicola, FL","Apalachicola, FL"
194,"Apponaug Cove, RI","Apponaug Cove, RI"
2413,"Aransas Pass, TX","Aransas Pass, TX"
2133,"Arecibo, PR","Arecibo, PR"
3863,"Ashland, WI","Ashland, WI"
3863,"Ashland, WI","Ashland, Wisconsin"
3219,"Ashbatula, OH","Ashbatula, OH"
3219,"Ashtabula, OH","Ashtabula, OH"
3219,"Ashtabula, OH","Ashtabula, Ohio"
3219,"Ashtabula, OH","Ashtabula-Conneaut, OH"
4610,"Astoria, OR","Astoria, OR"
4949,"Atka Island, AK","Atka Island, AK"
785,"Atlantic Beach Channels, NC","Atlantic Beach Channels, NC"
770,"Avon, NC","Avon, NC"
491,"Back Creek, Anne Arundel County, MD","Back Creek, Anne Arundel County, MD"
700,"Baltimore, MD","Baltimore, MD"
105,"Bar Harbor, ME","Bar Harbor, ME"
4457,"Barbers Point Harbor, Oahu, HI","Barbers Point Harbor, Oahu, HI"
3234,"Barcelona, NY","Barcelona, NY"
108,"Bass Harbor, ME","Bass Harbor, ME"
2252,"Baton Rouge, LA","Baton Rouge, LA"
362,"Bay Ridge and Red Hook Channels, NY","Bay Ridge and Red Hook Channels, NY"
3865,"Bayfield, WI","Bayfield, WI"
102,"Beals Harbor, ME","Beals Harbor, ME"
763,"Beaufort, NC","Beaufort-Morehead City, NC"
2395,"Beaumont, TX","Beaumont, TX"
115,"Belfast, ME","Belfast, ME"
761,"Belhaven, NC","Belhaven, NC"
4732,"Bellingham, WA","Bellingham, WA"
4346,"Berkeley, CA","Berkeley, CA"
4847,"Bethel, AK","Bethel, AK"
887,"Betterton, MD","Betterton, MD"
145,"Beverly, MA","Beverly, MA"
3846,"Big Bay Harbor, MI","Big Bay Harbor, MI"
2002,"Biloxi, MS","Biloxi, MS"
434,"Bivalve, MD","Bivalve, MD"
3861,"Black River Harbor, MI","Black River Harbor, MI"
709,"Black Walnut Harbor, MD","Black Walnut Harbor, MD"
4744,"Blaine, WA","Blaine, WA"
199,"Block Island, RI, Harbor of Refuge","Block Island, RI, Harbor of Refuge"
4392,"Bodega Bay, CA","Bodega Bay, CA"
1239,"Bonum Creek, VA","Bonum Creek, VA"
125,"Boothbay Harbor, ME","Boothbay Harbor, ME"
149,"Boston, MA","Boston, MA"
150,"Boston, MA Main Waterfront","Boston, MA Main Waterfront"
1323,"Bourne, MA","Bourne, MA"
308,"Branford, CT","Branford, CT"
2424,"Brazos Island Harbor, TX","Brazos Island Harbor, TX"
311,"Bridgeport, CT","Bridgeport, CT"
190,"Bristol, RI","Bristol, RI"
353,"Bronx River, NY","Bronx River, NY"
2420,"Brownsville, TX","Brownsville, TX"
780,"Brunswick, GA","Brunswick, GA"
110,"Bucksport, ME","Bucksport, ME"
3226,"Buffalo Harbor, NY","Buffalo Harbor, NY"
3230,"Buffalo, NY","Buffalo, NY"
3737,"Buffington, IN","Buffington, IN"
1023,"Bunker, ME","Bunker, ME"
509,"Burlington, VT","Burlington, VT"
3739,"Burns Waterway Harbor, IN","Burns Waterway Harbor, IN"
359,"Buttermilk Channel, NY","Buttermilk Channel, NY"
3620,"Calcite, MI","Calcite, MI"
711,"Cambridge, MD","Cambridge, MD"
116,"Camden, ME","Camden, ME"
551,"Camden-Gloucester, NJ","Camden, NJ"
551,"Camden-Gloucester, NJ","Gloucester City, NJ"
732,"Cape Charles, VA","Cape Charles, VA"
131,"Cape Porpoise, ME","Cape Porpoise, ME"
3116,"Cape Vincent, NY","Cape Vincent, NY"
2182,"Carrabelle, FL","Carrabelle, FL"
2300,"Caruthersville Harbor, MO","Caruthersville Harbor, MO"
1269,"Carvers Harbor, ME","Carvers Harbor, ME"
3632,"Caseville, MI","Caseville, MI"
2129,"Cedar Key, FL","Cedar Key, FL"
3804,"Cedar River Harbor, MI","Cedar River Harbor, MI"
773,"Charleston, SC","Charleston, SC"
3706,"Charlevoix, MI","Charlevoix, MI"
2116,"Charlotte, FL","Charlotte, FL"
175,"Chatham, MA","Chatham, MA"
2372,"Chattanooga, TN","Chattanooga, TN"
3621,"Cheboygan, MI","Cheboygan, MI"
152,"Chelsea River, MA","Chelsea River, MA"
297,"Chester, PA","Chester, PA"
3747,"Chicago Harbor, IL","Chicago Harbor, IL"
3749,"Chicago, IL","Chicago, IL"
2196,"Chickasaw Creek, AL","Chickasaw Creek, AL"
1334,"Chincoteague, VA Harbor of Refuge, VA","Chincoteague, VA Harbor of Refuge, VA"
3935,"Chippewa, MI","Chippewa, MI"
2157,"Christiansted, St Croix, VI","Christiansted, St Croix, VI"
2338,"Cincinnati-Northern KY, Ports of","Cincinnati-Northern KY, Ports of"
2266,"Claiborne County Port, MS","Claiborne County Port, MS"
707,"Claiborne, MD","Claiborne, MD"
3217,"Cleveland, OH","Cleveland, OH"
3498,"Clinton River, Michigan","Clinton River, Michigan"
306,"Clinton, CT","Clinton, CT"
166,"Cohasset, MA","Cohasset, MA"
364,"Coney Island Creek, NY","Coney Island Creek, NY"
3220,"Conneaut, OH","Conneaut, OH"
3220,"Conneaut, OH","Conneaut, Ohio"
4660,"Coos Bay, OR","Coos Bay, OR"
4814,"Cordova, AK","Cordova, AK"
103,"Corea Harbor, ME","Corea Harbor, ME"
3920,"Cornucopia, WI","Cornucopia, WI"
2423,"Corpus Christi, TX","Corpus Christi, TX"
2414,"Corpus Christi, TX (Excluding Harbor Island)","Corpus Christi, TX (Excluding Harbor Island)"
4834,"Craig, AK","Craig, AK"
4380,"Crescent City, CA","Crescent City, CA"
114,"Criehaven, ME","Criehaven, ME"
712,"Crisfield, MD","Crisfield, MD"
185,"Cuttyhunk Harbor, MA","Cuttyhunk Harbor, MA"
778,"Darien, GA","Darien, GA"
2194,"Dauphin Island, AL","Dauphin Island, AL"
603,"Deep Creek, Accomack County, VA","Deep Creek, Accomack County, VA"
238,"Delaware Bay, DE, Harbor of Refuge","Delaware Bay, DE, Harbor of Refuge"
3812,"Detour, MI","Detour City, MI"
3318,"Detroit Harbor, MI","Detroit Harbor, MI"
3769,"Detroit Harbor, WI","Detroit Harbor, WI"
3321,"Detroit, MI","Detroit, MI"
4846,"Dillingham, AK","Dillingham, AK"
2090,"Dog and Fowl Rivers, AL","Dog and Fowl Rivers, AL"
160,"Dorchester Bay, MA","Dorchester Bay, MA"
4811,"Douglas Harbor, AK","Douglas Harbor, AK"
3813,"Drummond Island, MI","Drummond Island, MI"
4871,"Dry Pass, AK","Dry Pass, AK"
3924,"Duluth-Superior, MN and WI","Duluth, MN - Superior, WI"
3924,"Duluth-Superior, MN and WI","Duluth, Minn."
3924,"Duluth-Superior, MN and WI","Duluth, MN"
3222,"Dunkirk, NY","Dunkirk, NY"
168,"Duxbury, MA","Duxbury, MA"
3859,"Eagle Harbor, MI","Eagle Harbor, MI"
348,"East Chester Creek, NY","East Chester Creek, NY"
351,"East River, NY","East River, NY"
101,"Eastport, ME","Eastport, ME"
2105,"Eau Gallie, FL","Eau Gallie, FL"
345,"Echo Bay Harbor, NY","Echo Bay Harbor, NY"
3312,"Ecorse, MI","Ecorse, MI"
760,"Edenton, NC","Edenton, NC"
184,"Edgartown, MA","Edgartown, MA"
4872,"Egegik River, AK","Egegik River, AK"
4838,"Elfin Cove Harbor, AK","Elfin Cove Harbor, AK"
391,"Elizabeth River, NJ","Elizabeth River, NJ"
2298,"Elvis Stahr Harbor, KY","Elvis Stahr Harbor, KY"
3221,"Erie, PA","Erie, PA"
3795,"Escanaba, MI","Escanaba, MI"
4725,"Everett, WA","Everett, WA"
2112,"Everglades Harbor, Collier County, FL","Everglades Harbor, Collier County, FL"
2193,"Fairhope, AL","Fairhope, AL"
3218,"Fairport Harbor, OH","Fairport, OH"
3218,"Fairport Harbor, OH","Fairport, Ohio"
2139,"Fajardo, PR","Fajardo, PR"
189,"Fall River, MA","Fall River, MA"
177,"Falmouth, MA","Falmouth, MA"
784,"Fernandina Beach, FL","Fernandina, FL"
320,"Fivemile River Harbor, CT","Fivemile River Harbor, CT"
4734,"Flathead Lake, MT","Flathead Lake, MT"
354,"Flushing Bay and Creek, NY","Flushing Bay and Creek, NY"
2114,"Fort Myers Beach, FL","Fort Myers Beach, FL"
2161,"Fort Pierce, FL","Fort Pierce, FL"
158,"Fort Point Channel, MA","Fort Point Channel, MA"
3718,"Frankfort, MI","Frankfort, MI"
2408,"Freeport, TX","Freeport, TX"
2417,"Galveston, TX","Galveston, TX"
3736,"Gary, IN","Gary, IN"
772,"Georgetown, SC","Georgetown, SC"
3797,"Gladstone, MI","Gladstone, MI"
515,"Glen Cove, NY","Glen Cove, NY"
143,"Gloucester, MA","Gloucester, MA"
360,"Gowanus Creek Channel, NY","Gowanus Creek Channel, NY"
3728,"Grand Haven, MI","Grand Haven, MI"
3842,"Grand Marais Harbor (Harbor of Refuge), MI","Grand Marais Harbor (Harbor of Refuge), MI"
3931,"Grand Marais, MN","Grand Marais, MN"
3857,"Grand Traverse Bay, MI","Grand Traverse Bay, MI"
4702,"Grays Harbor, WA","Grays Harbor, WA"
382,"Great Kills Harbor, Staten Island, NY","Great Kills Harbor, Staten Island, NY"
300,"Great Salt Pond, Block Island, RI","Great Salt Pond, Block Island, RI"
3778,"Green Bay, WI","Green Bay, WI"
1175,"Green Harbor, MA","Green Harbor, MA"
527,"Greenport, NY","Greenport, NY"
2271,"Greenville, MS","Greenville, MS"
319,"Greenwich, CT","Greenwich, CT"
2148,"Guayanes, PR","Guayanes, PR"
307,"Guilford, CT","Guilford, CT"
2083,"Gulfport, MS","Gulfport, MS"
2371,"Guntersville, AL","Guntersville, AL"
393,"Hackensack River, NJ","Hackensack River, NJ"
1167,"Hampton, NH","Hampton, NH"
4470,"Hana Harbor, Maui, HI","Hana Harbor, Maui, HI"
3602,"Harbor Beach, MI","Harbor Beach, MI"
2418,"Harbor Island, TX","Harbor Island, TX"
358,"Harlem River, NY","Harlem River, NY"
3614,"Harrisville, MI","Harrisville, MI"
303,"Hay, NY","Hay, NY"
2293,"Helena, AR","Helena, AR"
514,"Hempstead, NY","Hempstead, NY"
126,"Hendricks, ME","Hendricks, ME"
4400,"Hilo, HI","Hilo, HI"
165,"Hingham Harbor, MA","Hingham Harbor, MA"
3730,"Holland, MI","Holland, MI"
4844,"Homer, AK","Homer, AK"
4420,"Honolulu, HI","Honolulu, HI"
4813,"Hoonah, AK","Hoonah, AK"
738,"Hopewell, VA","Hopewell, VA"
733,"Horn Harbor, VA","Horn Harbor, VA"
2131,"Horseshoe Cove, FL","Horseshoe Cove, FL"
2012,"Houston, TX","Houston, TX"
5396,"Hudson River Channel, NY and NJ","Hudson River Channel, NY and NJ"
5395,"Hudson River, NY (Lower Section)","Hudson River, NY (Lower Section)"
4942,"Humboldt, AK","Humboldt, AK"
4375,"Humboldt, CA","Humboldt, CA"
2348,Huntington - Tristate,Huntington - Tristate
519,"Huntington, NY","Huntington, NY"
3214,"Huron, OH","Huron, OH"
176,"Hyannis, MA","Hyannis, MA"
2030,"Iberia, LA","Iberia, LA"
4909,"Iliuliuk Harbor, AK","Iliuliuk Harbor, AK"
3738,"Indiana Harbor, IN","Indiana Harbor, IN"
3117,"Irondequoit Bay Harbor, New York","Irondequoit Bay Harbor, New York"
154,"Island End River, MA","Island End River, MA"
137,"Isle of Shoals Harbor, ME and NH","Isle of Shoals Harbor, ME and NH"
2017,"Jacksonville, FL","Jacksonville, FL"
367,"Jamaica Bay, NY","Jamaica Bay, NY"
4810,"Juneau, AK","Juneau, AK"
4410,"Kahului, Maui, HI","Kahului, HI"
4475,"Kailua, Ohau, Hi","Kailua, Ohau, Hi"
4805,"Kake, AK","Kake, AK"
4626,"Kalama, WA","Kalama, WA"
4460,"Kalaupapa Harbor, Molokai, HI","Kalaupapa Harbor, Molokai, HI"
2385,"Kansas City, MO","Kansas City, MO"
2307,"Kaskaskia, IL, Port of","Kaskaskia, IL, Port of"
4415,"Kaunakakai, Molokai, HI","Kaunakakai, Molokai, HI"
4405,"Kawaihae Harbor, HI","Kawaihae Harbor, HI"
3210,"Kelleys Island, OH","Kelleys Island, OH"
3753,"Kenosha, WI","Kenosha, WI"
4800,"Ketchikan, AK","Ketchikan, AK"
3762,"Kewaunee, WI","Kewaunee, WI"
2111,"Key West, FL","Key West, FL"
377,"Keyport Harbor, NJ","Keyport Harbor, NJ"
4944,"King Cove, AK","King Cove, AK"
4978,"Kivilina, AK","Kivilina, AK"
3925,"Knife River Harbor, MN","Knife River Harbor, MN"
2373,"Knoxville, TN","Knoxville, TN"
4934,"Kodiak, AK","Kodiak, AK"
3864,"La Pointe, WI","La Pointe, WI"
3858,"Lac La Belle, MI","Lac La Belle, MI"
1324,"Lagoon Pond, Martha's Vineyard, MA","Lagoon Pond, Martha's Vineyard, MA"
3742,"Lake Calumet, IL","Lake Calumet, IL"
2254,"Lake Charles, LA","Lake Charles, LA"
4749,"Lake Crockett, WA","Lake Crockett, WA"
535,"Lake Montauk Harbor, NY","Lake Montauk Harbor, NY"
2269,"Lake Providence, LA","Lake Providence, LA"
344,"Larchmont Harbor, NY","Larchmont Harbor, NY"
3716,"Leland, MI","Leland, MI"
381,"Lemon Creek, Staten Island, NY","Lemon Creek, Staten Island, NY"
3815,"Lime Island, MI","Lime Island, MI"
558,"Little Egg Harbor, NJ","Little Egg Harbor, NJ"
2120,"Little Manatee River, FL","Little Manatee River, FL"
4110,"Long Beach, CA","Long Beach, CA"
347,"Long Island Sound at City Island, NY","Long Island Sound at City Island, NY"
4622,"Longview, WA","Longview, WA"
3216,"Lorain, OH","Lorain, OH"
4120,"Los Angeles, CA","Los Angeles, CA"
2333,"Louisville, KY","Louisville, KY"
708,"Lowes Wharf, Talbot County, MD","Lowes Wharf, Talbot County, MD"
3722,"Ludington, MI","Ludington, MI"
148,"Lynn, MA","Lynn, MA"
3624,"Mackinac, MI","Mackinac Island, MI"
3622,"Mackinaw City, MI","Mackinaw City, MI"
2267,"Madison Parish, LA, Port of","Madison Parish, LA, Port of"
155,"Malden River, MA","Malden River, MA"
343,"Mamaroneck Harbor, NY","Mamaroneck Harbor, NY"
144,"Manchester, MA","Manchester, MA"
349,"Manhasset Bay, NY","Manhasset Bay, NY"
3720,"Manistee, MI","Manistee, MI"
3799,"Manistique, MI","Manistique, MI"
3760,"Manitowoc, WI","Manitowoc, WI"
1250,"Manns, NC","Manns, NC"
147,"Marblehead, MA","Marblehead, MA"
3212,"Marblehead, OH","Marblehead, OH"
5251,"Marcus Hook, PA","Marcus Hook, PA"
3506,"Marine City, MI","Marine City, MI"
3844,"Marquette, MI","Marquette, MI"
3512,"Marysville, MI","Marysville, MI"
2410,"Matagorda Port Lv Pt Com, TX","Matagorda Port Lv Pt Com, TX"
113,"Matinicus, ME","Matinicus, ME"
186,"Mattapoisett, MA","Mattapoisett, MA"
523,"Mattituck, NY","Mattituck, NY"
2154,"Mayaguez, PR","Mayaguez, PR"
2106,"Melbourne, FL","Melbourne, FL"
2294,"Memphis, TN","Memphis, TN"
3793,"Menominee, MI and WI","Menominee, MI and WI"
4832,"Metlakatla, AK","Metlakatla, AK"
2109,"Miami River, FL","Miami River, FL"
2164,"Miami, FL","Miami, FL"
3735,"Michigan City, IN","Michigan City, IN"
310,"Milford, CT","Milford, CT"
3756,"Milwaukee, WI","Milwaukee, WI"
2321,"Minneapolis, MN","Minneapolis, MN"
4130,"Mission Bay, CA","Mission Bay, CA"
2005,"Mobile, AL","Mobile, AL"
725,"Monroe Bay and Creek, VA","Monroe Bay and Creek, VA"
3202,"Monroe, MI","Monroe, MI"
4325,"Monterey Harbor, CA","Monterey, CA"
764,"Morehead City, NC","Morehead City, NC"
2087,"Morgan City, LA, Port of","Morgan City, LA"
4138,"Morro Bay, CA","Morro Bay, CA"
4330,"Moss Landing, CA","Moss Landing, CA"
2332,"Mount Vernon, IN","Mount Vernon, IN"
1234,"Muddy Hook and Tyler Coves, MD","Muddy Hook and Tyler Coves, MD"
3725,"Muskegon, MI","Muskegon, MI"
153,"Mystic River, MA","Mystic River, MA"
433,"Nanticoke, MD","Nanticoke, MD"
183,"Nantucket, MA","Nantucket, MA"
2370,"Nashville, TN","Nashville, TN"
2270,"Natchez, MS","Natchez, MS"
4430,"Nawiliwili, Kauai, HI","Nawiliwili-Port Allen, HI"
4706,"Neah Bay, WA","Neah Bay, WA"
161,"Neponset River, MA","Neponset River, MA"
187,"New Bedford, MA","New Bedford, MA"
3744,"New Buffalo, MI","New Buffalo, MI"
299,"New Castle, DE","New Castle, DE"
122,"New Harbor, ME","New Harbor, ME"
1507,"New Haven, CT","New Haven, CT"
304,"New London, CT","New London, CT"
2288,"New Madrid County, MO, Port of","New Madrid County, MO, Port of"
2296,"New Madrid Harbor, MO","New Madrid Harbor, MO"
2251,"New Orleans, LA","New Orleans, LA"
2019,"New River, FL","New River, FL"
346,"New Rochelle Harbor, NY","New Rochelle Harbor, NY"
388,"New York and New Jersey Channels, NY and NJ","New York and New Jersey Channels, NY and NJ"
385,"New York Harbor, NY and NJ Upper Bay","New York Harbor, NY and NJ Upper Bay"
398,"New York, NY and NJ","New York, NY"
392,"Newark Bay, NJ (Included in NewarK Bay, NJ Consolidated Report and Port of New York)","Newark, NJ"
139,"Newburyport, MA","Newburyport, MA"
4132,"Newport Bay Harbor, CA","Newport Bay Harbor, CA"
736,"Newport News, VA","Newport News, VA"
192,"Newport, RI","Newport, RI"
355,"Newtown Creek, NY","Newtown Creek, NY"
3231,"Niagara Falls, NY","Buffalo-Niagara Falls, NY"
3224,"Niagara River, NY","Niagara River, NY"
83,"Niantic Harbor, CT","Niantic Harbor, CT"
4831,"Nikishka, AK","Nikishka, AK"
4841,"Ninilchik, AK","Ninilchik, AK"
4968,"Nome, AK","Nome, AK"
5735,"Norfolk Harbor, VA","Norfolk-Newport News, VA"
106,"Northeast Harbor, ME","Northeast Harbor, ME"
521,"Northport, NY","Northport, NY"
314,"Norwalk, CT","Norwalk, CT"
4345,"Oakland, CA","Oakland, CA"
450,"Ocean City, MD","Ocean City, MD"
4198,"Oceanside Harbor, CA","Oceanside Harbor, CA"
3790,"Oconto, WI","Oconto, WI"
3008,"Ogdensburg, NY","Ogdensburg, NY"
4933,"Old Harbor, AK","Old Harbor, AK"
4718,"Olympia, WA","Olympia, WA"
3860,"Ontonagon, MI","Ontonagon, MI"
2394,"Orange, TX","Orange, TX"
2297,"Osceola Harbor, AR","Osceola Harbor, AR"
3631,"Oscoda, MI","Oscoda, MI"
3112,"Oswego, NY","Oswego, NY"
2331,"Owensboro, KY","Owensboro, KY"
119,"Owls Head Harbor, ME","Owls Head Harbor, ME"
2409,"Palacios, TX","Palacios, TX"
2162,"Palm Beach, FL","West Palm Beach, FL"
2181,"Panacea, FL","Panacea, FL"
2016,"Panama City, FL","Panama City, FL"
2004,"Pascagoula, MS","Pascagoula, MS"
2207,"Pass Christian, MS","Pass Christian, MS"
394,"Passaic River, NJ","Passaic River, NJ"
5252,"Paulsboro, NJ","Paulsboro, NJ"
4450,"Pearl Harbor, Oahu, HI","Pearl Harbor, Oahu, HI"
502,"Peekskill, NY","Peekskill, NY"
4840,"Pelican, AK","Pelican, AK"
298,"Penn Manor, PA","Penn Manor, PA"
2007,"Pensacola, FL","Pensacola, FL"
3791,"Pensaukee, WI","Pensaukee, WI"
3723,"Pentwater, MI","Pentwater, MI"
4806,"Petersburg, AK","Petersburg, AK"
552,"Philadelphia, PA","Philadelphia, PA"
4386,"Pillar Point Harbor, CA","Pillar Point Harbor, CA"
2358,"Pittsburgh, PA","Pittsburgh, PA"
2255,"Plaquemines, LA, Port of","Plaquemines, LA, Port of"
170,"Plymouth, MA","Plymouth, MA"
198,"Point Judith and Point Judith Pond, RI, Harbor of Refuge","Point Judith and Point Judith Pond, RI, Harbor of Refuge"
2151,"Ponce, PR","Ponce, PR"
4836,"Port Alexander, AK","Port Alexander, AK"
4425,"Port Allen Harbor, Kauai, HI","Port Allen Harbor, Kauai, HI"
4708,"Port Angeles, WA","Port Angeles, WA"
2416,"Port Arthur, TX","Port Arthur, TX"
2396,"Port Bolivar, TX","Port Bolivar, TX"
2160,"Port Canaveral, FL","Port Canaveral, FL"
340,"Port Chester Harbor, NY","Port Chester Harbor, NY"
3205,"Port Clinton, OH","Port Clinton, OH"
3627,"Port Dolomite, MI","Port Dolomite, MI"
2163,"Port Everglades, FL","Port Everglades, FL"
1910,"Port Fourchon, LA","Port Fourchon, LA"
4714,"Port Gamble, WA","Port Gamble, WA"
507,"Port Henry, NY","Port Henry, NY"
4150,"Port Hueneme, CA","Port Hueneme, CA"
3515,"Port Huron, MI","Port Huron, MI"
3803,"Port Inland, MI","Port Inland, MI"
2422,"Port Isabel, TX","Port Isabel, TX"
522,"Port Jefferson, NY","Port Jefferson, NY"
2023,"Port Manatee, FL","Port Manatee, FL"
2421,"Port Mansfield, TX","Port Mansfield, TX"
4688,"Port Orford, OR","Port Orford, OR"
774,"Port Royal, SC","Port Royal, SC"
3634,"Port Sanilac, MI","Port Sanilac, MI"
4710,"Port Townsend, WA","Port Townsend, WA"
3758,"Port Washington, WI","Port Washington, WI"
3921,"Port Wing, WI","Port Wing, WI"
4612,"Portland, Astoria, St. Helens, Longview, Vancouver and Kalama Area, Other Ports","Portland, Astoria, St. Helens, Longview, Vancouver and Kalama Area, Other Ports"
128,"Portland, ME","Portland, ME"
4644,"Portland, OR","Portland, OR"
135,"Portsmouth, NH","Portsmouth, NH"
721,"Potomac River at Lower Cedar Point, MD","Potomac River at Lower Cedar Point, MD"
716,"Potomac River, Virginia Channel, DC","Potomac River, Virginia Channel, DC"
714,"Potomac River, Washington Channel, DC","Potomac River, Washington Channel, DC"
3845,"Presque Isle, MI","Presque Isle, MI"
191,"Providence, RI","Providence, RI"
172,"Provincetown, MA","Provincetown, MA"
4754,"Puget Sound Area, WA, Other Ports","Puget Sound Area, WA, Other Ports"
3207,"Put-In-Bay, OH","Put-In-Bay, OH"
704,"Queenstown, MD","Queenstown, MD"
3754,"Racine, WI","Racine, WI"
387,"Raritan River, NJ","Raritan River, NJ"
4134,"Redondo Beach, CA","Redondo Beach, CA"
4340,"Redwood City, CA","Redwood City, CA"
4350,"Richmond, CA","Richmond, CA"
737,"Richmond, VA","Richmond-Petersburg, VA"
3106,"Rochester, NY","Rochester, NY"
703,"Rock Hall, MD","Rock Hall, MD"
118,"Rockland, ME","Rockland, ME"
142,"Rockport, MA","Rockport, MA"
117,"Rockport, ME","Rockport, ME"
2412,"Rockport, TX","Rockport, TX"
3635,"Rogers City, MI","Rogers City, MI"
503,"Rondout, NY","Rondout, NY"
2268,"Rosedale, MS","Rosedale, MS"
3315,"Rouge River, MI","Rouge River, MI"
214,"Rouses Point, NY","Champlain-Rouses Point, NY"
138,"Rye, NH","Rye, NH"
3114,"Sackets Harbor, NY","Sackets Harbor, NY"
4240,"Sacramento, CA","Sacramento, CA"
531,"Sag Harbor, NY","Sag Harbor, NY"
3603,"Saginaw River, MI","Saginaw-Bay City, MI"
188,"Sakonnet, RI","Sakonnet, RI"
146,"Salem, MA","Salem, MA"
4100,"San Diego, CA","San Diego, CA"
4389,"San Francisco Bay Area, CA, Other Ports","San Francisco Bay Area, CA, Other Ports"
4335,"San Francisco, CA","San Francisco, CA"
2136,"San Juan, PR","San Juan, PR"
4385,"San Leandro Marina, CA","San Leandro Marina, CA"
3213,"Sandusky, OH","Sandusky, OH"
1275,"Sandy Bay, Cape Ann, MA Harbor of Refuge","Sandy Bay, Cape Ann, MA Harbor of Refuge"
374,"Sandy Hook Bay at Leonardo, NJ","Sandy Hook Bay at Leonardo, NJ"
1276,"Sandy Hook Bay, NJ","Sandy Hook Bay, NJ"
373,"Sandy Hook Bay, NJ (Nonproject)","Sandy Hook Bay, NJ (Nonproject)"
4136,"Santa Barbara, CA","Santa Barbara, CA"
4396,"Santa Cruz, CA","Santa Cruz, CA"
3731,"Saugatuck, MI","Saugatuck, MI"
504,"Saugerties, NY","Saugerties, NY"
3817,"Sault Ste Marie, MI","Sault Ste Marie, MI"
776,"Savannah, GA","Savannah, GA"
557,"Schuylkill River, PA","Schuylkill River, PA"
167,"Scituate, MA","Scituate, MA"
112,"Searsport, ME","Searsport, ME"
4722,"Seattle, WA","Seattle, WA"
3636,"Sebewaing, MI","Sebewaing, MI"
4842,"Seldovia, AK","Seldovia, AK"
7710,"Seneca, IL","Seneca, IL"
4930,"Seward, AK","Seward, AK"
3759,"Sheboygan, WI","Sheboygan, WI"
366,"Sheepshead Bay, NY","Sheepshead Bay, NY"
861,"Shipyard River, SC","Shipyard River, SC"
375,"Shoal Harbor and Compton Creek, NJ","Shoal Harbor and Compton Creek, NJ"
3928,"Silver Bay, MN","Silver Bay, MN"
762,"Silver Lake Harbor, NC","Silver Lake Harbor, NC"
4808,"Sitka, AK","Sitka, AK"
4812,"Skagway, AK","Skagway, AK"
3108,"Sodus, NY","Sodus Point, NY"
123,"South Bristol, ME","South Bristol, ME"
3732,"South Haven, MI","South Haven, MI"
2253,"South Louisiana, LA, Port of","South Louisiana, LA, Port of"
2301,"Southeast Missouri Port, MO","Southeast Missouri Port, MO"
107,"Southwest Harbor, ME","Southwest Harbor, ME"
2159,"St. Augustine, FL","St. Augustine, FL"
3509,"St. Clair, MI","St. Clair, MI"
4628,"St. Helens, OR","St. Helens, OR"
3702,"St. James, MI","St. James, MI"
2185,"St. Joe Harbor, FL","St. Joe Harbor, FL"
3733,"St. Joseph, MI","St. Joseph, MI"
2310,"St. Louis, MO and IL","St. Louis, MO"
294,"St. Michaels Harbor, MD","St. Michaels Harbor, MD"
2320,"St. Paul, MN","St. Paul, MN"
2119,"St. Petersburg, FL","St. Petersburg, FL"
2143,"St. Thomas, VI","St. Thomas, VI"
317,"Stamford, CT","Stamford, CT"
4874,"Stikine River, AK","Stikine River, AK"
4270,"Stockton, CA","Stockton, CA"
111,"Stockton, ME","Stockton, ME"
3619,"Stoneport, MI","Stoneport, MI"
302,"Stonington, CT","Stonington, CT"
109,"Stonington, ME","Stonington, ME"
3775,"Sturgeon Bay, WI","Sturgeon Bay, WI"
9907,"Summary of Traffic Delaware River and Tributaries, Trenton, NJ to the Sea","Summary of Traffic Delaware River and Tributaries, Trenton, NJ to the Sea"
9906,Summary of Traffic Total Waterborne Commerce of the Port of New York,Summary of Traffic Total Waterborne Commerce of the Port of New York
3999,"Table 3-Net Summary of Foreign and Domestic Freight Carried on the Great Lakes, by type of Traffic and Commodity","Table 3-Net Summary of Foreign and Domestic Freight Carried on the Great Lakes, by type of Traffic and Commodity"
4720,"Tacoma, WA","Tacoma, WA"
3929,"Taconite, MN","Taconite, MN"
2021,"Tampa, FL","Tampa, FL"
501,"Tarrytown, NY","Tarrytown, NY"
120,"Tenants Harbor, ME","Tenants Harbor, ME"
2224,"Terrebonne, LA, Port of","Terrebonne, LA, Port of"
2404,"Texas City, TX","Texas City, TX"
121,"Thomaston, ME","Thomaston, ME"
2195,"Three Mile Creek, AL","Three Mile Creek, AL"
710,"Tilghman Island, MD","Tilghman Island, MD"
4674,"Tillamook Bay and Bar, OR","Tillamook Bay and Bar, OR"
3204,"Toledo, OH","Toledo-Sandusky, OH"
8901,"Total Waterborne Commerce of the San Francisco Bay and Delta Areas, CA","Total Waterborne Commerce of the San Francisco Bay and Delta Areas, CA"
8902,"Total Waterborne Commerce, Columbia River Basin, OR, WA, and ID","Total Waterborne Commerce, Columbia River Basin, OR, WA, and ID"
163,"Town River, MA","Town River, MA"
3714,"Traverse City, MI","Traverse City, MI"
3303,"Trenton, MI","Trenton, MI"
553,"Trenton, NJ","Trenton, NJ"
6109,"Tulsa, Port of Catoosa, OK","Tulsa, Port of Catoosa, OK"
3926,"Two Harbors, MN","Two Harbors, MN"
3761,"Two Rivers, WI","Two Rivers, WI"
679,"Tylers Beach, VA","Tylers Beach, VA"
4947,"Unalaska Island, AK","Unalaska Island, AK"
4818,"Valdez Harbor (Small Boat Harbor), AK","Valdez Harbor (Small Boat Harbor), AK"
4816,"Valdez, AK","Valdez, AK"
4636,"Vancouver, WA","Vancouver, WA"
3215,"Vermilion, OH","Vermilion, OH"
2276,"Vicksburg, MS","Vicksburg, MS"
2411,"Victoria, TX","Victoria, TX"
1335,"Village Creek, SC","Village Creek, SC"
182,"Vineyard Haven, MA","Vineyard Haven, MA"
5700,"Virginia, VA, Port of","Virginia, VA, Port of"
3010,"Waddington, NY","Waddington, NY"
4435,"Wake Island Harbor, Wake Island","Wake Island Harbor, Wake Island"
818,"Wanchese, NC","Wanchese, NC"
174,"Wareham, MA","Wareham, MA"
3944,"Warroad, MN","Warroad, MN"
81,"Warwick, RI","Warwick, RI"
713,"Washington, DC","Washington, DC"
2186,"Watson Bayou, FL","Watson Bayou, FL"
3752,"Waukegan, IL","Waukegan, IL"
173,"Wellfleet, MA","Wellfleet, MA"
4440,"Wells Harbor, Midway Island","Wells Harbor, Midway Island"
352,"Westchester Creek, NY","Westchester Creek, NY"
313,"Westport, CT","Westport, CT"
164,"Weymouth Back River, MA","Weymouth Back River, MA"
162,"Weymouth Fore River, MA","Weymouth Fore River, MA"
3724,"White Lake Harbor, MI","White Lake Harbor, MI"
3840,"Whitefish Point Harbor, MI","Whitefish Point Harbor, MI"
4822,"Whittier, AK","Whittier, AK"
197,"Wickford, RI","Wickford, RI"
4700,"Willapa, WA","Willapa, WA"
554,"Wilmington, DE","Wilmington, DE"
766,"Wilmington, NC","Wilmington, NC"
734,"Winter Harbor, VA","Winter Harbor, VA"
151,"Winthrop Harbor, MA","Winthrop Harbor, MA"
2292,"Wolf River, TN","Wolf River, TN"
130,"Wood Island Harbor, ME and the Pool at Biddeford","Wood Island Harbor, ME and the Pool at Biddeford"
4802,"Wrangell, AK","Wrangell, AK"
3309,"Wyandotte, MI","Wyandotte, MI"
2029,"Yellow Bend Port, AR","Yellow Bend Port, AR"
27,"York Harbor, ME","York Harbor, ME"
